kaisai_nen,kaisai_tsukihi,keibajo_code,kaisai_kai,kaisai_nichime,race_bango,umaban,wakuban,bamei,mark,odds_tansho,ens_score_sd,ens_top1_agree,ai_rank,axis_taikou_swapped,toroku_tosu,recent_interval_days,dm_rank,tm_rank,ref_recent_avg_chakujun,index_score,stacking_prob_raw,ai_agree,recent_kyakushitsu_avg,prev_margin_close,star_mark,kyosomei_ryakusho_10,grade_code
2026,1003,05,04,01,01,01,1,アークレイリ　　　　　　　　　　　　,,44.6,0.24074968875141167,5.0,S+,False,15,84.0,,,10.0,12,0.0414918679139036,1.0,4.0,False,False,,
2026,1003,05,04,01,01,02,2,ディアファザー　　　　　　　　　　　,,108.3,0.09620454190599802,5.0,S+,False,15,70.0,,,5.0,27,0.08959685517259564,1.0,4.0,False,False,,
2026,1003,05,04,01,01,03,2,サードアイ　　　　　　　　　　　　　,△,55.5,0.06734878626030735,5.0,S+,False,15,27.0,,,6.0,77,0.2621642520005327,1.0,2.0,False,False,,
2026,1003,05,04,01,01,04,3,パレスラン　　　　　　　　　　　　　,△,17.9,0.031877683866204355,5.0,S+,False,15,20.0,,,6.5,67,0.21979921457199994,1.0,3.5,False,False,,
2026,1003,05,04,01,01,05,3,ワンダーマーベル　　　　　　　　　　,▲,7.8,0.05927468171533704,5.0,S+,False,15,13.0,3.0,3.0,4.0,134,0.45808281712089227,1.0,3.0,False,False,,
2026,1003,05,04,01,01,06,4,ホワイトフレアー　　　　　　　　　　,,45.9,0.09234449459627768,5.0,S+,False,15,62.0,,,8.5,35,0.11500972263174089,1.0,4.0,True,False,,
2026,1003,05,04,01,01,07,4,ベアヒロシデス　　　　　　　　　　　,,136.4,0.11211381124128592,5.0,S+,False,15,20.0,,,8.0,27,0.08646349803709293,1.0,3.0,False,False,,
2026,1003,05,04,01,01,08,5,セイウンガジュマル　　　　　　　　　,,66.2,0.11469797276282295,5.0,S+,False,15,48.0,,,6.5,45,0.14209606642900133,1.0,2.5,False,False,,
2026,1003,05,04,01,01,09,5,ミクニルミナス　　　　　　　　　　　,,118.2,0.06737630342801637,5.0,S+,False,15,13.0,,,9.0,46,0.15383256397294948,1.0,3.0,False,False,,
2026,1003,05,04,01,01,10,6,アオイノリプー　　　　　　　　　　　,△,18.7,0.05415237014435257,5.0,S+,False,15,27.0,,,5.0,87,0.2836220945868231,1.0,3.3333333333333335,False,False,,
2026,1003,05,04,01,01,11,6,ノアヴェルテ　　　　　　　　　　　　,,191.2,0.41180750704122654,5.0,S+,False,15,28.0,,,12.0,4,0.01801477507720422,1.0,4.0,False,False,,
2026,1003,05,04,01,01,12,7,カウェーカネム　　　　　　　　　　　,,119.6,0.22867136546516584,5.0,S+,False,15,76.0,,,13.0,10,0.03628777693511951,1.0,4.0,False,False,,
2026,1003,05,04,01,01,13,7,スターフラッシュ　　　　　　　　　　,◎,1.4,0.16494824744686873,5.0,S+,False,15,111.0,1.0,1.0,2.0,244,0.7852682342332875,1.0,2.0,False,False,,
2026,1003,05,04,01,01,14,8,ヴェットビルズ　　　　　　　　　　　,,191.2,0.4619955266893248,5.0,S+,False,15,77.0,,,10.5,1,0.006934469048615807,1.0,4.0,False,False,,
2026,1003,05,04,01,01,15,8,ヒゲキリ　　　　　　　　　　　　　　,○,5.3,0.11313443824331164,5.0,S+,False,15,27.0,2.0,2.0,2.0,201,0.6834529584890274,1.0,1.0,False,False,,
2026,1003,05,04,01,02,01,1,セイウンオオゾラ　　　　　　　　　　,,22.9,0.12927699595935055,4.0,A,False,11,13.0,,,6.7,50,0.16248561971349107,1.0,3.3333333333333335,False,False,,
2026,1003,05,04,01,02,02,2,ラルコ　　　　　　　　　　　　　　　,,17.3,0.041534374370792215,4.0,A,False,11,20.0,,,4.0,87,0.2840530997068661,1.0,2.0,False,False,,
2026,1003,05,04,01,02,03,3,ゼノスフィア　　　　　　　　　　　　,,11.7,0.051581459864295215,4.0,A,False,11,62.0,,,5.0,67,0.22336781262099786,1.0,4.0,False,False,,
2026,1003,05,04,01,02,04,4,インテルラゴス　　　　　　　　　　　,◎,3.7,0.17482837884305177,4.0,A,False,11,56.0,2.0,,6.0,220,0.7233979722413728,1.0,4.0,False,False,,
2026,1003,05,04,01,02,05,5,トパーズプレミア　　　　　　　　　　,,42.0,0.10162909746239863,4.0,A,False,11,14.0,,,5.0,45,0.1392408603054314,1.0,3.0,False,False,,
2026,1003,05,04,01,02,06,6,ロゼプレミア　　　　　　　　　　　　,▲,2.2,0.03242162467444048,4.0,A,False,11,27.0,3.0,2.0,2.0,197,0.6656562110449962,1.0,1.0,False,False,,
2026,1003,05,04,01,02,07,6,スカイミラー　　　　　　　　　　　　,,70.8,0.1308499879906514,4.0,A,False,11,28.0,,,7.0,32,0.10330787024155944,1.0,3.0,False,False,,
2026,1003,05,04,01,02,08,7,シアルナーレ　　　　　　　　　　　　,○,4.6,0.14994461808266374,4.0,A,False,11,55.0,1.0,1.0,5.3,220,0.719652950477508,1.0,3.0,False,False,,
2026,1003,05,04,01,02,09,7,ウカテンセイ　　　　　　　　　　　　,,131.6,0.44320063793116987,4.0,A,False,11,76.0,,,10.0,0,0.00522730100631747,1.0,4.0,False,False,,
2026,1003,05,04,01,02,10,8,ウイニングレイ　　　　　　　　　　　,,24.5,0.16706160888730442,4.0,A,False,11,34.0,,,5.5,90,0.30203729475712005,1.0,2.5,False,False,,
2026,1003,05,04,01,02,11,8,スターマイン　　　　　　　　　　　　,△,17.9,0.11489473277082338,4.0,A,False,11,49.0,,3.0,4.5,166,0.5692381397131048,1.0,3.0,False,False,,
2026,1003,05,04,01,03,01,1,リアシュアー　　　　　　　　　　　　,,71.3,0.3197160226780294,5.0,S+,False,18,,,,,9,0.0338024553808929,1.0,,False,False,,
2026,1003,05,04,01,03,02,1,ソードオブステート　　　　　　　　　,◎,2.4,0.18694154456240772,5.0,S+,False,18,,,,,164,0.5638374809466357,1.0,,False,False,,
2026,1003,05,04,01,03,03,2,アオイレイラ　　　　　　　　　　　　,,66.1,0.2195094035540621,5.0,S+,False,18,,,,,18,0.05904967764134701,1.0,,False,False,,
2026,1003,05,04,01,03,04,2,ニシノナイトライト　　　　　　　　　,,21.0,0.18011774716051615,5.0,S+,False,18,,,,,21,0.07018974889662141,1.0,,False,False,,
2026,1003,05,04,01,03,05,3,ローズガーデン　　　　　　　　　　　,,38.1,0.23587320995481573,5.0,S+,False,18,,,,,19,0.06379412587518762,1.0,,False,False,,
2026,1003,05,04,01,03,06,3,アラネア　　　　　　　　　　　　　　,,43.3,0.24603920408805532,5.0,S+,False,18,,,,,12,0.04202067855378454,1.0,,False,False,,
2026,1003,05,04,01,03,07,4,タンタフェリチア　　　　　　　　　　,△,5.4,0.05901943406187294,5.0,S+,False,18,,,,,76,0.25046522868725696,1.0,,False,False,,
2026,1003,05,04,01,03,08,4,ポッドコーディア　　　　　　　　　　,○,9.0,0.11181984113638763,5.0,S+,False,18,,,,,136,0.4685735001189674,1.0,,False,False,,
2026,1003,05,04,01,03,09,5,クロマメ　　　　　　　　　　　　　　,,76.7,0.33961227125490023,5.0,S+,False,18,,,,,7,0.029321373042534394,1.0,,False,False,,
2026,1003,05,04,01,03,10,5,イレブンローズ　　　　　　　　　　　,,24.5,0.10683302836345587,5.0,S+,False,18,,1.0,2.0,,65,0.21190474410923216,1.0,,False,False,,
2026,1003,05,04,01,03,11,6,アルティマノヴァ　　　　　　　　　　,△,12.9,0.04645992816226695,5.0,S+,False,18,,3.0,,,96,0.3320865964587373,1.0,,False,False,,
2026,1003,05,04,01,03,12,6,マデイラシトリン　　　　　　　　　　,▲,9.1,0.06852693754099977,5.0,S+,False,18,,,,,118,0.39896512262791645,1.0,,False,False,,
2026,1003,05,04,01,03,13,7,サニーガッサン　　　　　　　　　　　,,81.2,0.1693287481525738,5.0,S+,False,18,,,,,19,0.06560869563659226,1.0,,False,False,,
2026,1003,05,04,01,03,14,7,ウインドピット　　　　　　　　　　　,,27.6,0.09193858435658789,5.0,S+,False,18,,,1.0,,40,0.13110338384787518,1.0,,False,False,,
2026,1003,05,04,01,03,15,7,サツキマンボ　　　　　　　　　　　　,,80.0,0.38408807462867595,5.0,S+,False,18,,,,,3,0.016822260142785834,1.0,,False,False,,
2026,1003,05,04,01,03,16,8,トモジャシャカ　　　　　　　　　　　,△,15.1,0.040205606450319495,5.0,S+,False,18,,,,,67,0.22162296857808345,1.0,,False,False,,
2026,1003,05,04,01,03,17,8,バサーニオ　　　　　　　　　　　　　,,76.7,0.17278598002461124,5.0,S+,False,18,,2.0,,,23,0.07847873524163955,1.0,,False,False,,
2026,1003,05,04,01,03,18,8,フライングビー　　　　　　　　　　　,,27.6,0.07621216940556103,5.0,S+,False,18,,,3.0,,53,0.17065740118152484,1.0,,False,False,,
2026,1003,05,04,01,04,01,1,ゴールドブリーズ　　　　　　　　　　,,22.2,0.161506765281371,5.0,S,False,12,56.0,,,7.6,36,0.11960648209856595,1.0,1.6,False,False,,
2026,1003,05,04,01,04,02,2,メイショウソウセキ　　　　　　　　　,○,8.8,0.06877944463102334,5.0,S,False,12,55.0,,,4.6,118,0.4114028519221318,1.0,1.8,False,False,,
2026,1003,05,04,01,04,03,3,ブライトマン　　　　　　　　　　　　,▲,5.1,0.046737579977865776,5.0,S,False,12,104.0,,,7.0,118,0.4087258143012905,1.0,3.0,False,False,,
2026,1003,05,04,01,04,04,4,エーオーキング　　　　　　　　　　　,△,24.1,0.06072279409056943,5.0,S,False,12,27.0,,,8.2,88,0.29812846413211486,1.0,2.4,False,False,,
2026,1003,05,04,01,04,05,5,グラニットピーク　　　　　　　　　　,,21.5,0.16639355704349873,5.0,S,False,12,84.0,,,6.0,27,0.08578062483466341,1.0,3.0,False,False,,
2026,1003,05,04,01,04,06,5,トーアマリシテン　　　　　　　　　　,,20.1,0.13474954726984398,5.0,S,False,12,56.0,3.0,,4.2,53,0.17242795527758936,1.0,2.2,False,False,,
2026,1003,05,04,01,04,07,6,ブラックバラード　　　　　　　　　　,,10.2,0.06490232589311466,5.0,S,False,12,98.0,1.0,,2.0,70,0.23408180825051148,1.0,2.0,False,False,,
2026,1003,05,04,01,04,08,6,セイウンパシュート　　　　　　　　　,△,4.8,0.04103736776142841,5.0,S,False,12,49.0,,,6.6,119,0.41351115207940337,1.0,2.6,False,False,,
2026,1003,05,04,01,04,09,7,サトノエピック　　　　　　　　　　　,◎,3.9,0.05692754276225574,5.0,S,False,12,56.0,2.0,,4.6,149,0.5186462781641513,1.0,2.5,False,False,,
2026,1003,05,04,01,04,10,7,ベイビーベリッシモ　　　　　　　　　,,23.4,0.17696669258356257,5.0,S,False,12,56.0,,,3.8,32,0.10567577389990498,1.0,2.8,False,False,,
2026,1003,05,04,01,04,11,8,ハイウェイスター　　　　　　　　　　,,18.0,0.12015155264641743,5.0,S,False,12,125.0,,,3.0,63,0.19851696502634558,1.0,2.8,False,False,,
2026,1003,05,04,01,04,12,8,ロードオールライト　　　　　　　　　,△,9.5,0.0651929920653695,5.0,S,False,12,42.0,,,6.6,103,0.34697953244907387,1.0,2.25,False,False,,
2026,1003,05,04,01,05,01,1,センチュリースカイ　　　　　　　　　,△,24.3,0.07886134186114942,4.0,S+,False,11,,,,,72,0.24429450042485573,1.0,,False,False,,
2026,1003,05,04,01,05,02,2,ロードディグニティ　　　　　　　　　,▲,6.1,0.11374322271817802,4.0,S+,False,11,,3.0,1.0,,178,0.604300978286531,1.0,,False,False,,
2026,1003,05,04,01,05,03,3,ヴァルカモニカ　　　　　　　　　　　,◎,1.6,0.11681457385174669,4.0,S+,False,11,,2.0,2.0,,244,0.7835101187228579,1.0,,False,False,,
2026,1003,05,04,01,05,04,4,ビタークレス　　　　　　　　　　　　,,65.5,0.14101812744517309,4.0,S+,False,11,,,,,33,0.10934505628313525,1.0,,False,False,,
2026,1003,05,04,01,05,05,5,スキエンティア　　　　　　　　　　　,,54.9,0.05987616589619196,4.0,S+,False,11,,,,,53,0.17343067412356103,1.0,,False,False,,
2026,1003,05,04,01,05,06,6,テルケンレンコール　　　　　　　　　,△,21.0,0.042783659106954496,4.0,S+,False,11,,,,,78,0.2652734497079532,1.0,,False,False,,
2026,1003,05,04,01,05,07,6,アイアンマン　　　　　　　　　　　　,,46.5,0.17242883590819286,4.0,S+,False,11,,,,,19,0.06458678691867485,1.0,,False,False,,
2026,1003,05,04,01,05,08,7,ヒシホライゾン　　　　　　　　　　　,○,4.7,0.23436519772610398,4.0,S+,False,11,,1.0,3.0,,212,0.7099655712216872,1.0,,False,False,,
2026,1003,05,04,01,05,09,7,サラサシンシアズ　　　　　　　　　　,△,11.4,0.09912075555760043,4.0,S+,False,11,,,,,65,0.2131563775983305,1.0,,False,False,,
2026,1003,05,04,01,05,10,8,ポルターガイスト　　　　　　　　　　,,45.3,0.10636160800357419,4.0,S+,False,11,,,,,27,0.09581316053284103,1.0,,False,False,,
2026,1003,05,04,01,05,11,8,セイウンウェルス　　　　　　　　　　,,60.4,0.17199872035792238,4.0,S+,False,11,,,,,21,0.07195056331386263,1.0,,False,False,,
2026,1003,05,04,01,06,01,1,ミヤエスケープ　　　　　　　　　　　,△,12.9,0.08766000844698844,2.0,A,False,16,154.0,,3.0,2.8,39,0.1275474945389656,1.0,2.25,False,False,,
2026,1003,05,04,01,06,02,1,デルマケセラセラ　　　　　　　　　　,,69.0,0.11235468851906016,2.0,A,False,16,49.0,,,9.0,19,0.06769060031686627,1.0,2.5,True,False,,
2026,1003,05,04,01,06,03,2,ケイツープラ　　　　　　　　　　　　,,12.3,0.12981491297823222,2.0,A,False,16,160.0,,,5.5,21,0.07598387658376429,1.0,3.0,False,False,,
2026,1003,05,04,01,06,04,2,コウユーニポポニコ　　　　　　　　　,,27.8,0.20056795280626102,2.0,A,False,16,98.0,,,6.0,16,0.055833376577638684,1.0,2.2,False,False,,
2026,1003,05,04,01,06,05,3,マナマカナ　　　　　　　　　　　　　,,111.7,0.4643206627677199,2.0,A,False,16,28.0,,,13.2,0,0.00483171600605307,1.0,2.6,False,False,,
2026,1003,05,04,01,06,06,3,ロジザボード　　　　　　　　　　　　,○,25.7,0.06780922145111955,2.0,A,False,16,27.0,1.0,,4.2,63,0.2063340480984437,1.0,3.0,False,False,,
2026,1003,05,04,01,06,07,4,チームユートピア　　　　　　　　　　,△,2.2,0.07373166384215461,2.0,A,False,16,62.0,2.0,2.0,4.6,61,0.1888020260197168,1.0,1.8,True,False,,
2026,1003,05,04,01,06,08,4,クラリネットソナタ　　　　　　　　　,▲,9.7,0.06092626953712027,2.0,A,False,16,104.0,,1.0,7.2,63,0.19274906974284728,1.0,4.0,False,False,,
2026,1003,05,04,01,06,09,5,オオゾラヒバリ　　　　　　　　　　　,,50.6,0.2026833683854137,2.0,A,False,16,28.0,,,10.4,12,0.045756469361547626,1.0,3.4,False,False,,
2026,1003,05,04,01,06,10,5,エジプシャンマウ　　　　　　　　　　,,25.7,0.13250408731414412,2.0,A,False,16,112.0,,,8.5,16,0.05542798102625549,1.0,1.5,False,False,,
2026,1003,05,04,01,06,11,6,オーシャンステラ　　　　　　　　　　,◎,11.2,0.05089411092468503,2.0,A,False,16,140.0,3.0,,4.4,63,0.21060566341634268,1.0,3.0,False,False,,
2026,1003,05,04,01,06,12,6,フクチャンヒメ　　　　　　　　　　　,,23.7,0.21397413360348042,2.0,A,False,16,97.0,,,10.2,14,0.053683878089147485,1.0,3.2,False,False,,
2026,1003,05,04,01,06,13,7,ローズブーケ　　　　　　　　　　　　,△,18.0,0.1053974243378641,2.0,A,False,16,28.0,,,6.5,53,0.17847954230042945,1.0,2.25,False,False,,
2026,1003,05,04,01,06,14,7,ガンバレベアー　　　　　　　　　　　,,73.0,0.1488688673890178,2.0,A,False,16,34.0,,,9.2,20,0.06867778785581995,1.0,3.8,False,False,,
2026,1003,05,04,01,06,15,8,オテンバプリンセス　　　　　　　　　,,5.6,0.07872962081897338,2.0,A,False,16,56.0,,,6.6,36,0.11885808487675362,1.0,3.0,False,False,,
2026,1003,05,04,01,06,16,8,キカオクベシ　　　　　　　　　　　　,,83.4,0.3615364654463757,2.0,A,False,16,69.0,,,11.6,2,0.011625742368732112,1.0,4.0,False,False,,
2026,1003,05,04,01,07,01,1,タイキプレジール　　　　　　　　　　,,21.1,0.06904858850305359,5.0,B,False,18,27.0,,,4.8,45,0.14428555957480457,1.0,3.2,False,False,,
2026,1003,05,04,01,07,02,1,グリオンヴール　　　　　　　　　　　,◎,2.7,0.20386401648652086,5.0,B,False,18,49.0,,1.0,3.4,201,0.6848086764047806,1.0,2.6,False,False,,
2026,1003,05,04,01,07,03,2,アルマロクザン　　　　　　　　　　　,,51.0,0.18181412536956748,5.0,B,False,18,27.0,,,9.0,16,0.0567943070331855,1.0,2.4,False,False,,
2026,1003,05,04,01,07,04,2,アトリウムチャペル　　　　　　　　　,,24.0,0.06973965410117751,5.0,B,False,18,55.0,,,6.2,46,0.1527269662153896,1.0,3.8,False,False,,
2026,1003,05,04,01,07,05,3,リネンタイリン　　　　　　　　　　　,,32.1,0.15607705635812316,5.0,B,False,18,77.0,,,9.8,12,0.04205366575794422,1.0,3.8,False,False,,
2026,1003,05,04,01,07,06,3,ノーブルクロンヌ　　　　　　　　　　,,15.2,0.062094079951511304,5.0,B,False,18,49.0,,3.0,4.0,58,0.1826572178973101,1.0,2.4,False,False,,
2026,1003,05,04,01,07,07,4,アイアンパイク　　　　　　　　　　　,▲,7.9,0.04252731506084567,5.0,B,False,18,83.0,3.0,,2.8,92,0.3075183550861059,1.0,2.2,False,False,,
2026,1003,05,04,01,07,08,4,ナックホワイト　　　　　　　　　　　,,20.8,0.07738641042969946,5.0,B,False,18,34.0,,,8.4,36,0.11566528724849737,1.0,1.2,False,False,,
2026,1003,05,04,01,07,09,5,ソナタン　　　　　　　　　　　　　　,,42.2,0.12225511155654695,5.0,B,False,18,63.0,,,8.8,19,0.06683908241137033,1.0,2.0,False,False,,
2026,1003,05,04,01,07,10,5,ダイユウアレグロ　　　　　　　　　　,,16.0,0.08799250421615994,5.0,B,False,18,160.0,1.0,,6.4,39,0.127543356337396,1.0,3.4,False,False,,
2026,1003,05,04,01,07,11,6,ヘルモソブレード　　　　　　　　　　,,64.6,0.11950276425153622,5.0,B,False,18,112.0,,,8.5,21,0.07071909401009245,1.0,3.0,False,False,,
2026,1003,05,04,01,07,12,6,リラ　　　　　　　　　　　　　　　　,△,11.9,0.04710176659388153,5.0,B,False,18,70.0,,,5.8,60,0.18642347525931965,1.0,2.0,True,False,,
2026,1003,05,04,01,07,13,7,ヤジロベエバランス　　　　　　　　　,,51.4,0.19494011425722083,5.0,B,False,18,91.0,,,7.2,9,0.03413743523438211,1.0,2.6,False,False,,
2026,1003,05,04,01,07,14,7,ワディアルリヤハ　　　　　　　　　　,○,11.8,0.11676170151241196,5.0,B,False,18,70.0,2.0,2.0,2.6,157,0.5379564092128069,1.0,2.0,False,False,,
2026,1003,05,04,01,07,15,7,コルチェスター　　　　　　　　　　　,,34.9,0.08403308703101328,5.0,B,False,18,77.0,,,7.0,27,0.09310592126703393,1.0,3.6666666666666665,True,False,,
2026,1003,05,04,01,07,16,8,ピエドゥラパン　　　　　　　　　　　,△,12.7,0.04814955791447914,5.0,B,False,18,154.0,,,7.2,63,0.19680877317544376,1.0,3.4,True,False,,
2026,1003,05,04,01,07,17,8,ニシノイストワール　　　　　　　　　,,14.1,0.1458426172808572,5.0,B,False,18,91.0,,,9.4,14,0.05361067683118731,1.0,3.2,False,False,,
2026,1003,05,04,01,07,18,8,カフェラバー　　　　　　　　　　　　,△,27.6,0.050315421725158065,5.0,B,False,18,70.0,,,6.2,63,0.20857054824833549,1.0,3.0,False,False,,
2026,1003,05,04,01,08,01,1,カンレイスキー　　　　　　　　　　　,,24.8,0.27289033434048915,5.0,S+,False,16,119.0,,,12.2,5,0.023522703892812084,1.0,3.4,False,False,,
2026,1003,05,04,01,08,02,1,プレースメント　　　　　　　　　　　,◎,1.6,0.16812308526457617,5.0,S+,False,16,154.0,1.0,1.0,1.5,201,0.6840062545717953,1.0,3.0,False,False,,
2026,1003,05,04,01,08,03,2,マサッチェハマー　　　　　　　　　　,○,15.8,0.08742183550430181,5.0,S+,False,16,153.0,,,2.8,118,0.4126921394241549,1.0,2.0,False,False,,
2026,1003,05,04,01,08,04,2,ウインドワンピース　　　　　　　　　,,110.8,0.2490899276762608,5.0,S+,False,16,42.0,,,8.4,7,0.030791840292250537,1.0,3.2,False,False,,
2026,1003,05,04,01,08,05,3,エドワードバローズ　　　　　　　　　,▲,19.8,0.050843942487831,5.0,S+,False,16,308.0,3.0,3.0,5.0,86,0.2804646083620699,1.0,3.6,False,False,,
2026,1003,05,04,01,08,06,3,コッレヴェッキオ　　　　　　　　　　,,28.2,0.10929905869908765,5.0,S+,False,16,70.0,,,8.2,63,0.2058850503939083,1.0,3.0,False,False,,
2026,1003,05,04,01,08,07,4,キングクレオール　　　　　　　　　　,,22.2,0.18404048324413802,5.0,S+,False,16,28.0,,,7.8,16,0.056048440173864456,1.0,3.4,False,False,,
2026,1003,05,04,01,08,08,4,ピースサイン　　　　　　　　　　　　,,27.1,0.049075880560614855,5.0,S+,False,16,119.0,,,6.8,51,0.1641707127930478,1.0,2.8,False,False,,
2026,1003,05,04,01,08,09,5,カシノスパーク　　　　　　　　　　　,,105.0,0.09164964739403955,5.0,S+,False,16,62.0,,,5.2,27,0.09454877399167326,1.0,2.8,False,False,,
2026,1003,05,04,01,08,10,5,ジーティーブラック　　　　　　　　　,△,11.1,0.021222836081301173,5.0,S+,False,16,27.0,,,5.0,88,0.294574557528411,1.0,2.8,False,False,,
2026,1003,05,04,01,08,11,6,タキノボリ　　　　　　　　　　　　　,△,39.0,0.04489063568664489,5.0,S+,False,16,119.0,,,8.2,67,0.22164020935260959,1.0,3.4,False,False,,
2026,1003,05,04,01,08,12,6,スターエンブレム　　　　　　　　　　,,18.4,0.07085027969445286,5.0,S+,False,16,42.0,,,9.6,39,0.1273816281284294,1.0,2.4,True,False,,
2026,1003,05,04,01,08,13,7,オブシディアン　　　　　　　　　　　,,158.6,0.3346474701547348,5.0,S+,False,16,265.0,,,10.2,0,0.005202401588354998,1.0,4.0,False,False,,
2026,1003,05,04,01,08,14,7,コーシューパンジャ　　　　　　　　　,,13.5,0.06210471989546877,5.0,S+,False,16,111.0,,,5.6,51,0.16506151503524458,1.0,3.6,False,False,,
2026,1003,05,04,01,08,15,8,ファンタイムギフト　　　　　　　　　,△,15.7,0.04585032533188007,5.0,S+,False,16,28.0,2.0,2.0,5.6,72,0.2450616160044758,1.0,2.8,False,False,,
2026,1003,05,04,01,08,16,8,サトノシャムロック　　　　　　　　　,,39.0,0.11487796946214567,5.0,S+,False,16,62.0,,,6.4,36,0.12141831941790912,1.0,3.0,False,False,,
2026,1003,05,04,01,09,01,1,ディープキング　　　　　　　　　　　,,6.1,0.13878981131844811,5.0,B,False,12,139.0,,,9.0,21,0.07712977052367039,1.0,2.2,False,False,八ヶ岳特別,E
2026,1003,05,04,01,09,02,2,イージーライダー　　　　　　　　　　,△,5.8,0.10831498226327028,5.0,B,False,12,49.0,1.0,,6.2,105,0.36243713145420847,1.0,2.8,False,False,八ヶ岳特別,E
2026,1003,05,04,01,09,03,3,ステラスペース　　　　　　　　　　　,,15.3,0.06544970144728193,5.0,B,False,12,147.0,,,7.2,53,0.1735672651714753,1.0,1.4,False,False,八ヶ岳特別,E
2026,1003,05,04,01,09,04,4,フィールドノート　　　　　　　　　　,◎,3.4,0.16905714900025953,5.0,B,False,12,70.0,,3.0,2.0,211,0.6997155582009719,1.0,3.3333333333333335,False,False,八ヶ岳特別,E
2026,1003,05,04,01,09,05,5,コスモスプモーニ　　　　　　　　　　,,148.7,0.24619351956938879,5.0,B,False,12,20.0,,,10.0,6,0.027106439322977488,1.0,2.8,False,False,八ヶ岳特別,E
2026,1003,05,04,01,09,06,5,レッドバレンティア　　　　　　　　　,,24.0,0.13817154205726706,5.0,B,False,12,111.0,,,8.4,14,0.0505349763615592,1.0,3.0,True,False,八ヶ岳特別,E
2026,1003,05,04,01,09,07,6,ミッキージャンプ　　　　　　　　　　,▲,9.1,0.09119938923879918,5.0,B,False,12,20.0,2.0,1.0,2.8,125,0.426103057695309,1.0,1.6,False,False,八ヶ岳特別,E
2026,1003,05,04,01,09,08,6,ドッグウッド　　　　　　　　　　　　,○,12.1,0.044064299955475957,5.0,B,False,12,27.0,3.0,2.0,2.4,149,0.5201774731994175,1.0,2.75,False,False,八ヶ岳特別,E
2026,1003,05,04,01,09,09,7,ファムクラジューズ　　　　　　　　　,△,7.7,0.034279160174224124,5.0,B,False,12,27.0,,,5.0,87,0.2922586947508652,1.0,2.6,True,False,八ヶ岳特別,E
2026,1003,05,04,01,09,10,7,ノビリシマビジョン　　　　　　　　　,△,7.5,0.0662792662576476,5.0,B,False,12,97.0,,,4.8,72,0.2412739412850144,1.0,2.2,True,False,八ヶ岳特別,E
2026,1003,05,04,01,09,11,8,ホウオウシンデレラ　　　　　　　　　,,26.1,0.050832279373796675,5.0,B,False,12,21.0,,,3.4,63,0.19900160835839023,1.0,3.4,False,False,八ヶ岳特別,E
2026,1003,05,04,01,09,12,8,マイネルアレス　　　　　　　　　　　,,38.3,0.06887275050237714,5.0,B,False,12,20.0,,,4.0,63,0.19928839845138602,1.0,2.0,False,False,八ヶ岳特別,E
2026,1003,05,04,01,10,01,1,グーテンベルク　　　　　　　　　　　,△,14.8,0.07985350288474015,5.0,B,False,18,104.0,3.0,,6.8,87,0.28767584915263156,1.0,2.8,False,False,白秋ステークス,E
2026,1003,05,04,01,10,02,1,モンシュマン　　　　　　　　　　　　,,21.7,0.08316485330578677,5.0,B,False,18,42.0,,,7.8,19,0.06607439786565464,1.0,3.2,False,False,白秋ステークス,E
2026,1003,05,04,01,10,03,2,ホウオウシェリー　　　　　　　　　　,,7.3,0.05230824415122107,5.0,B,False,18,41.0,,,4.4,65,0.21814940759106247,1.0,1.6,False,False,白秋ステークス,E
2026,1003,05,04,01,10,04,2,セシリエプラージュ　　　　　　　　　,,39.6,0.12788983026570208,5.0,B,False,18,35.0,,,9.2,18,0.06243620262568289,1.0,3.6,False,False,白秋ステークス,E
2026,1003,05,04,01,10,05,3,レッドキングリー　　　　　　　　　　,◎,3.9,0.19920612587139394,5.0,B,False,18,104.0,1.0,1.0,2.0,178,0.6207608807184488,1.0,2.2,False,False,白秋ステークス,E
2026,1003,05,04,01,10,06,3,サトミノキラリ　　　　　　　　　　　,,17.0,0.06492003462323047,5.0,B,False,18,132.0,2.0,,6.6,27,0.09571547072824411,1.0,3.6,False,False,白秋ステークス,E
2026,1003,05,04,01,10,07,4,チャンネルトンネル　　　　　　　　　,▲,8.6,0.08491467432197287,5.0,B,False,18,35.0,,2.0,5.4,96,0.32470696653621905,1.0,3.4,False,False,白秋ステークス,E
2026,1003,05,04,01,10,08,4,ビップジーニー　　　　　　　　　　　,,55.1,0.1719425139711915,5.0,B,False,18,35.0,,,11.2,10,0.03823725446215347,1.0,2.6,True,False,白秋ステークス,E
2026,1003,05,04,01,10,09,5,トライアンフパス　　　　　　　　　　,△,7.7,0.13287561830022254,5.0,B,False,18,35.0,,,3.8,79,0.26858068657902806,1.0,3.2,False,False,白秋ステークス,E
2026,1003,05,04,01,10,10,5,エヴァンスウィート　　　　　　　　　,,24.3,0.06766482684010293,5.0,B,False,18,70.0,,,8.8,32,0.10544168698204492,1.0,3.2,False,False,白秋ステークス,E
2026,1003,05,04,01,10,11,6,ブリックワーク　　　　　　　　　　　,,75.1,0.09009518780884566,5.0,B,False,18,125.0,,,8.6,20,0.06892724754639874,1.0,2.6,False,False,白秋ステークス,E
2026,1003,05,04,01,10,12,6,フォーゲル　　　　　　　　　　　　　,○,11.2,0.1226614019422841,5.0,B,False,18,49.0,,3.0,4.4,96,0.32280679198834356,1.0,2.4,False,False,白秋ステークス,E
2026,1003,05,04,01,10,13,7,コスモサガルマータ　　　　　　　　　,,46.4,0.20596872346501227,5.0,B,False,18,42.0,,,11.6,6,0.02686048404633522,1.0,3.8,True,False,白秋ステークス,E
2026,1003,05,04,01,10,14,7,ミストレス　　　　　　　　　　　　　,,32.2,0.19264780743570328,5.0,B,False,18,63.0,,,11.8,7,0.027901817798426293,1.0,3.8,True,False,白秋ステークス,E
2026,1003,05,04,01,10,15,7,キタサンダムール　　　　　　　　　　,,35.0,0.0719457660753745,5.0,B,False,18,70.0,,,6.6,33,0.11037407127113266,1.0,3.4,False,False,白秋ステークス,E
2026,1003,05,04,01,10,16,8,コスモアディラート　　　　　　　　　,,46.7,0.22845730968627792,5.0,B,False,18,132.0,,,10.8,4,0.020868871868463257,1.0,2.0,True,False,白秋ステークス,E
2026,1003,05,04,01,10,17,8,シャイフ　　　　　　　　　　　　　　,,13.6,0.05785843749474819,5.0,B,False,18,133.0,,,5.2,63,0.20707700206148064,1.0,2.0,False,False,白秋ステークス,E
2026,1003,05,04,01,10,18,8,ヒシアマン　　　　　　　　　　　　　,△,12.0,0.041912366230806,5.0,B,False,18,174.0,,,3.4,92,0.3062531614280407,1.0,2.4,False,False,白秋ステークス,E
2026,1003,05,04,01,11,01,1,ルヴァレドクール　　　　　　　　　　,▲,8.8,0.06622652888151047,5.0,S+,False,15,112.0,,2.0,1.6,125,0.4313438130040252,1.0,1.75,False,False,グリーンチャンネルＣ,L
2026,1003,05,04,01,11,02,2,ジンセイ　　　　　　　　　　　　　　,△,12.1,0.05496627658233269,5.0,S+,False,15,83.0,,,6.2,72,0.2418585415660274,1.0,2.8,False,False,グリーンチャンネルＣ,L
2026,1003,05,04,01,11,03,2,スナッピードレッサ　　　　　　　　　,△,10.8,0.02115387984998939,5.0,S+,False,15,63.0,3.0,,2.2,86,0.27996886450450204,1.0,2.2,False,False,グリーンチャンネルＣ,L
2026,1003,05,04,01,11,04,3,ヘニーガイスト　　　　　　　　　　　,◎,2.5,0.12371126053124373,5.0,S+,False,15,62.0,,1.0,1.6,157,0.5453465531651879,1.0,2.6,False,False,グリーンチャンネルＣ,L
2026,1003,05,04,01,11,05,3,ドンエレクトス　　　　　　　　　　　,○,5.5,0.13697275772682785,5.0,S+,False,15,55.0,2.0,3.0,2.0,136,0.4649400655745269,1.0,1.8,False,False,グリーンチャンネルＣ,L
2026,1003,05,04,01,11,06,4,ヒルノドゴール　　　　　　　　　　　,,55.7,0.07621465920224066,5.0,S+,False,15,21.0,,,5.8,36,0.12070616478885918,1.0,3.4,False,False,グリーンチャンネルＣ,L
2026,1003,05,04,01,11,07,4,トリリオンボーイ　　　　　　　　　　,,58.9,0.08084558395713252,5.0,S+,False,15,28.0,,,8.0,27,0.09431042441594546,1.0,4.0,False,False,グリーンチャンネルＣ,L
2026,1003,05,04,01,11,08,5,メルキオル　　　　　　　　　　　　　,,29.4,0.11814215496141935,5.0,S+,False,15,83.0,,,8.2,20,0.06887869215585876,1.0,2.0,False,False,グリーンチャンネルＣ,L
2026,1003,05,04,01,11,09,5,ヴィヴァン　　　　　　　　　　　　　,,40.6,0.11343296237719117,5.0,S+,False,15,112.0,,,5.0,27,0.09029595275711466,1.0,3.0,False,False,グリーンチャンネルＣ,L
2026,1003,05,04,01,11,10,6,オウギノカナメ　　　　　　　　　　　,,37.1,0.10199832545307393,5.0,S+,False,15,77.0,,,7.0,29,0.09775487444899308,1.0,2.6,False,False,グリーンチャンネルＣ,L
2026,1003,05,04,01,11,11,6,ジャスティンアース　　　　　　　　　,△,9.4,0.13249483640493756,5.0,S+,False,15,139.0,1.0,,5.4,103,0.34285497964246037,1.0,3.0,False,False,グリーンチャンネルＣ,L
2026,1003,05,04,01,11,12,7,マピュース　　　　　　　　　　　　　,,9.1,0.07981760334453995,5.0,S+,False,15,139.0,,,7.8,36,0.11919698212061396,1.0,3.0,False,False,グリーンチャンネルＣ,L
2026,1003,05,04,01,11,13,7,フリームファクシ　　　　　　　　　　,,55.4,0.1635600895881801,5.0,S+,False,15,118.0,,,11.2,9,0.03401596599349993,1.0,3.6,True,False,グリーンチャンネルＣ,L
2026,1003,05,04,01,11,14,8,オーブルクール　　　　　　　　　　　,,132.4,0.23372420438737534,5.0,S+,False,15,21.0,,,11.6,10,0.036791758346533684,1.0,2.2,True,False,グリーンチャンネルＣ,L
2026,1003,05,04,01,11,15,8,ルージュスタニング　　　　　　　　　,,36.9,0.07463148273912995,5.0,S+,False,15,126.0,,,7.4,24,0.07934329540073118,1.0,2.8,False,False,グリーンチャンネルＣ,L
2026,1003,05,04,01,12,01,1,ホウオウゴールド　　　　　　　　　　,,32.5,0.07428993220529297,5.0,B,False,16,70.0,,,5.6,45,0.13810991958238422,1.0,3.8,False,False,,
2026,1003,05,04,01,12,02,1,エチャケナ　　　　　　　　　　　　　,,28.7,0.20280694198661556,5.0,B,False,16,235.0,,,5.8,18,0.06310874492184551,1.0,3.0,False,False,,
2026,1003,05,04,01,12,03,2,エムティエスターテ　　　　　　　　　,,42.6,0.03421777608177591,5.0,B,False,16,118.0,,,4.6,63,0.20714058002775912,1.0,2.0,False,False,,
2026,1003,05,04,01,12,04,2,レーティッシュ　　　　　　　　　　　,○,8.0,0.08394737595971129,5.0,B,False,16,97.0,3.0,3.0,2.4,150,0.5338252161119098,1.0,2.4,False,False,,
2026,1003,05,04,01,12,05,3,トラヴェリンバンド　　　　　　　　　,,16.3,0.03836843467391685,5.0,B,False,16,118.0,,,8.2,63,0.20845679722316218,1.0,2.4,False,False,,
2026,1003,05,04,01,12,06,3,ヘリテージブルーム　　　　　　　　　,◎,6.3,0.16879243359672266,5.0,B,False,16,70.0,2.0,2.0,3.2,201,0.6821603713014878,1.0,2.6,False,False,,
2026,1003,05,04,01,12,07,4,ゴルデールスカー　　　　　　　　　　,,27.8,0.11704963395155653,5.0,B,False,16,70.0,,,5.2,19,0.06493639987771227,1.0,2.8,False,False,,
2026,1003,05,04,01,12,08,4,マジッククッキー　　　　　　　　　　,▲,3.2,0.15925428808977685,5.0,B,False,16,104.0,1.0,1.0,3.0,145,0.4907493513229525,1.0,3.4,False,False,,
2026,1003,05,04,01,12,09,5,フィリップ　　　　　　　　　　　　　,,46.5,0.11049209081531165,5.0,B,False,16,146.0,,,8.2,27,0.08576875856849717,1.0,1.6,True,False,,
2026,1003,05,04,01,12,10,5,ショーリバース　　　　　　　　　　　,,8.8,0.07511971894038832,5.0,B,False,16,140.0,,,6.8,70,0.23930613014650878,1.0,2.4,False,False,,
2026,1003,05,04,01,12,11,6,トーホウキザン　　　　　　　　　　　,,54.8,0.1847774805326128,5.0,B,False,16,118.0,,,9.4,10,0.037246608577923765,1.0,3.0,False,False,,
2026,1003,05,04,01,12,12,6,ケブランリ　　　　　　　　　　　　　,△,11.6,0.06398056854883599,5.0,B,False,16,98.0,,,3.6,125,0.43188606547985814,1.0,2.4,False,False,,
2026,1003,05,04,01,12,13,7,メルシージュテーム　　　　　　　　　,,17.4,0.1225579481559576,5.0,B,False,16,161.0,,,6.6,19,0.06679244472158422,1.0,3.0,False,False,,
2026,1003,05,04,01,12,14,7,レッドダンルース　　　　　　　　　　,,30.1,0.07633538072126696,5.0,B,False,16,90.0,,,7.8,21,0.0782401817787949,1.0,2.5,False,False,,
2026,1003,05,04,01,12,15,8,タリエシン　　　　　　　　　　　　　,,43.6,0.33699215277508615,5.0,B,False,16,146.0,,,12.6,3,0.016870011149452024,1.0,3.75,True,False,,
2026,1003,05,04,01,12,16,8,シホノペルフェット　　　　　　　　　,,7.8,0.056666281979499605,5.0,B,False,16,104.0,,,11.0,60,0.18667566703363953,1.0,2.8,True,False,,
2026,1003,08,04,01,01,01,1,プッシュバーン　　　　　　　　　　　,,67.7,0.1409436678959861,5.0,B,False,15,21.0,,,6.0,21,0.07197656627344959,1.0,3.0,False,False,,
2026,1003,08,04,01,01,02,2,レッドレヴェリー　　　　　　　　　　,△,7.9,0.09660794422477822,5.0,B,False,15,70.0,,,7.0,63,0.20273885155251495,1.0,3.0,False,False,,
2026,1003,08,04,01,01,03,2,ダノンアズール　　　　　　　　　　　,△,9.3,0.031830830077712355,5.0,B,False,15,35.0,,,5.5,92,0.30690570507472287,1.0,1.5,False,False,,
2026,1003,08,04,01,01,04,3,アイボリータワー　　　　　　　　　　,△,9.0,0.054442623025306426,5.0,B,False,15,28.0,2.0,,6.0,72,0.2467182174091486,1.0,3.0,False,False,,
2026,1003,08,04,01,01,05,3,ペアスターロード　　　　　　　　　　,▲,6.0,0.07080784423574422,5.0,B,False,15,84.0,,2.0,6.0,96,0.3305628441914529,1.0,1.0,True,False,,
2026,1003,08,04,01,01,06,4,テーオーライガ　　　　　　　　　　　,,91.9,0.23195713332655327,5.0,B,False,15,13.0,,,11.0,10,0.036310677096475126,1.0,3.5,False,False,,
2026,1003,08,04,01,01,07,4,スナークモネ　　　　　　　　　　　　,,41.8,0.09322082467849384,5.0,B,False,15,14.0,,,5.0,33,0.10805013223401802,1.0,2.0,False,False,,
2026,1003,08,04,01,01,08,5,ダイユウエゾフジ　　　　　　　　　　,,59.4,0.16244226224088398,5.0,B,False,15,13.0,,,7.0,21,0.07580892677007396,1.0,4.0,False,False,,
2026,1003,08,04,01,01,09,5,ニドヅケキンシ　　　　　　　　　　　,,68.8,0.15694602066134056,5.0,B,False,15,13.0,,,7.3,24,0.08202252424915991,1.0,4.0,False,False,,
2026,1003,08,04,01,01,10,6,ペプチドニンバス　　　　　　　　　　,,32.7,0.06792076162612008,5.0,B,False,15,98.0,,,6.0,39,0.12559307882905188,1.0,2.5,False,False,,
2026,1003,08,04,01,01,11,6,ヒルノアラゴン　　　　　　　　　　　,,126.0,0.2255298451650138,5.0,B,False,15,97.0,,,7.0,15,0.05478472911336022,1.0,3.0,False,False,,
2026,1003,08,04,01,01,12,7,ジャスコヒラリアス　　　　　　　　　,,25.5,0.12588339020814937,5.0,B,False,15,28.0,,,9.0,27,0.08948440115250092,1.0,2.0,False,False,,
2026,1003,08,04,01,01,13,7,ジョルティーニ　　　　　　　　　　　,◎,2.6,0.09473494843266138,5.0,B,False,15,48.0,1.0,1.0,2.0,170,0.5893419368684277,1.0,2.0,False,False,,
2026,1003,08,04,01,01,14,8,レゾルートハート　　　　　　　　　　,,138.2,0.22183004762718775,5.0,B,False,15,42.0,,,10.0,10,0.037761988627633705,1.0,4.0,False,False,,
2026,1003,08,04,01,01,15,8,ゴールデンレシオ　　　　　　　　　　,○,4.9,0.025404729232899572,5.0,B,False,15,13.0,3.0,3.0,5.0,136,0.46625105339314565,1.0,3.5,False,False,,
2026,1003,08,04,01,02,01,1,イッペイ　　　　　　　　　　　　　　,▲,8.2,0.09205344334368608,5.0,B,False,10,27.0,,1.0,2.8,178,0.6018980822674468,1.0,2.75,False,False,,
2026,1003,08,04,01,02,02,2,レイディアントサン　　　　　　　　　,,73.0,0.16267630786728524,5.0,B,False,10,27.0,,,7.0,21,0.07010888554479484,1.0,4.0,True,False,,
2026,1003,08,04,01,02,03,3,メイショウジェード　　　　　　　　　,△,4.1,0.0501690843985566,5.0,B,False,10,21.0,1.0,3.0,2.0,145,0.48810434688116916,1.0,2.0,False,False,,
2026,1003,08,04,01,02,04,4,レイデアルマス　　　　　　　　　　　,,25.9,0.06693932328912028,5.0,B,False,10,35.0,,,10.0,50,0.1599635645851954,1.0,1.5,False,False,,
2026,1003,08,04,01,02,05,5,コルサロ　　　　　　　　　　　　　　,,5.2,0.045579433220463504,5.0,B,False,10,70.0,,,4.5,70,0.23527875513055102,1.0,3.5,False,False,,
2026,1003,08,04,01,02,06,6,ワッザイカ　　　　　　　　　　　　　,,79.6,0.21468224695518898,5.0,B,False,10,77.0,,,9.3,10,0.03995180804583858,1.0,3.3333333333333335,False,False,,
2026,1003,08,04,01,02,07,7,リーベラーリア　　　　　　　　　　　,,19.3,0.12236618474341121,5.0,B,False,10,70.0,,,7.0,25,0.08419974864638809,1.0,2.0,True,False,,
2026,1003,08,04,01,02,08,7,ルーメンルーナエ　　　　　　　　　　,◎,3.1,0.16485463494642483,5.0,B,False,10,21.0,3.0,,2.0,229,0.7538385857728034,1.0,2.0,False,False,,
2026,1003,08,04,01,02,09,8,メイプルルビー　　　　　　　　　　　,,26.1,0.09258125202341473,5.0,B,False,10,21.0,,,6.0,45,0.14237085514507175,1.0,3.0,False,False,,
2026,1003,08,04,01,02,10,8,ウィクフォード　　　　　　　　　　　,○,4.3,0.09630376158287295,5.0,B,False,10,83.0,2.0,2.0,2.0,182,0.6324573121805516,1.0,2.0,False,False,,
2026,1003,08,04,01,03,01,1,スターフュージョン　　　　　　　　　,◎,4.2,0.061884749510640734,5.0,B,False,16,21.0,,2.0,1.7,162,0.5590226083603945,1.0,2.3333333333333335,False,False,,
2026,1003,08,04,01,03,02,1,ワイズギャング　　　　　　　　　　　,▲,7.7,0.026105056701700623,5.0,B,False,16,13.0,,,3.8,103,0.3446440277326358,1.0,2.8,False,False,,
2026,1003,08,04,01,03,03,2,メイショウホダワラ　　　　　　　　　,,24.1,0.13405418827661306,5.0,B,False,16,34.0,,,10.8,20,0.06870163264930947,1.0,1.8,True,False,,
2026,1003,08,04,01,03,04,2,トゥインクルピカ　　　　　　　　　　,,18.3,0.09620794603527018,5.0,B,False,16,189.0,,,9.8,18,0.06249787951326161,1.0,1.6,False,False,,
2026,1003,08,04,01,03,05,3,インピッシュ　　　　　　　　　　　　,,19.6,0.2203761801478685,5.0,B,False,16,104.0,,,9.6,9,0.03526685568810018,1.0,3.2,False,False,,
2026,1003,08,04,01,03,06,3,チリーゴールド　　　　　　　　　　　,,32.9,0.15252091764972778,5.0,B,False,16,41.0,,,11.0,16,0.05622724796937545,1.0,3.2,False,False,,
2026,1003,08,04,01,03,07,4,イーブンベター　　　　　　　　　　　,△,16.5,0.1161322961968316,5.0,B,False,16,13.0,3.0,,4.6,68,0.22753835751899834,1.0,3.4,False,False,,
2026,1003,08,04,01,03,08,4,テーオーアンジェラ　　　　　　　　　,,147.4,0.19186405182372063,5.0,B,False,16,70.0,,,9.0,14,0.05084338124198504,1.0,3.0,False,False,,
2026,1003,08,04,01,03,09,5,オンザマーチ　　　　　　　　　　　　,,28.8,0.10008146715180186,5.0,B,False,16,41.0,,,8.2,39,0.12412182328066687,1.0,2.75,False,False,,
2026,1003,08,04,01,03,10,5,リンゲルブルーメ　　　　　　　　　　,,20.3,0.09618185464002488,5.0,B,False,16,35.0,,,8.2,32,0.09965775208866816,1.0,3.0,False,False,,
2026,1003,08,04,01,03,11,6,ヒルノプーリア　　　　　　　　　　　,○,4.4,0.10267572041469814,5.0,B,False,16,21.0,2.0,3.0,2.8,119,0.421818859654352,1.0,1.6,False,False,,
2026,1003,08,04,01,03,12,6,ショウナンラウール　　　　　　　　　,,28.5,0.08400468389601556,5.0,B,False,16,55.0,,,7.2,50,0.15988170168124688,1.0,3.2,False,False,,
2026,1003,08,04,01,03,13,7,キンダープンシュ　　　　　　　　　　,,7.4,0.06603319421685458,5.0,B,False,16,63.0,,,7.0,53,0.17746308570920385,1.0,2.6,False,False,,
2026,1003,08,04,01,03,14,7,ダンシングドール　　　　　　　　　　,△,7.8,0.06451055730017613,5.0,B,False,16,13.0,1.0,1.0,4.8,99,0.33442005969649624,1.0,3.6,False,False,,
2026,1003,08,04,01,03,15,8,ヴァカンツァ　　　　　　　　　　　　,△,33.0,0.035894304482287996,5.0,B,False,16,70.0,,,7.8,63,0.20195426547375886,1.0,2.6,False,False,,
2026,1003,08,04,01,03,16,8,ルルフィーユ　　　　　　　　　　　　,,201.3,0.31881859653739003,5.0,B,False,16,27.0,,,9.2,7,0.029096166226062016,1.0,3.6,False,False,,
2026,1003,08,04,01,04,01,1,アルピグレン　　　　　　　　　　　　,,14.6,0.060771237071855895,5.0,B,False,14,,3.0,,,63,0.2086717186840168,1.0,,False,False,,
2026,1003,08,04,01,04,02,2,ハイファイネスト　　　　　　　　　　,△,23.8,0.04052797557354257,5.0,B,False,14,,,3.0,,84,0.27690363463648343,1.0,,False,False,,
2026,1003,08,04,01,04,03,3,ビヨンドザスカイ　　　　　　　　　　,,21.2,0.07281444792888189,5.0,B,False,14,,,,,76,0.2602600446681858,1.0,,False,False,,
2026,1003,08,04,01,04,04,3,タンバゲッコー　　　　　　　　　　　,,20.7,0.1623479095233676,5.0,B,False,14,,,,,19,0.06562152076731786,1.0,,False,False,,
2026,1003,08,04,01,04,05,4,モンサンブラヴール　　　　　　　　　,,55.1,0.10253945789347235,5.0,B,False,14,,,,,25,0.08306249559070608,1.0,,False,False,,
2026,1003,08,04,01,04,06,4,ガジュノリプリンス　　　　　　　　　,,6.4,0.14335112324099095,5.0,B,False,14,,,,,32,0.10518640872286907,1.0,,False,False,,
2026,1003,08,04,01,04,07,5,ユウキサン　　　　　　　　　　　　　,,35.7,0.1510783035103202,5.0,B,False,14,,,,,15,0.055210448223726595,1.0,,False,False,,
2026,1003,08,04,01,04,08,5,デラスゴイガン　　　　　　　　　　　,▲,6.1,0.18532805683026507,5.0,B,False,14,,,2.0,,118,0.4056455334118875,1.0,,False,False,,
2026,1003,08,04,01,04,09,6,トラモンターナ　　　　　　　　　　　,△,8.9,0.04542240044966379,5.0,B,False,14,,2.0,,,77,0.26195274337593066,1.0,,False,False,,
2026,1003,08,04,01,04,10,6,サンライズビッグ　　　　　　　　　　,,19.5,0.0425474940776478,5.0,B,False,14,,,,,68,0.22447866968662353,1.0,,False,False,,
2026,1003,08,04,01,04,11,7,タガノクレーキング　　　　　　　　　,,11.0,0.11577460738671558,5.0,B,False,14,,,,,32,0.10349471891686138,1.0,,False,False,,
2026,1003,08,04,01,04,12,7,バルチックアンバー　　　　　　　　　,△,5.9,0.06628889222591415,5.0,B,False,14,,,1.0,,113,0.3743867078127494,1.0,,False,False,,
2026,1003,08,04,01,04,13,8,ベラジオアゲーラ　　　　　　　　　　,◎,7.4,0.08915690746707085,5.0,B,False,14,,1.0,,,150,0.5314808132343386,1.0,,False,False,,
2026,1003,08,04,01,04,14,8,ロイヤルガミーヌ　　　　　　　　　　,○,8.0,0.09610458176066694,5.0,B,False,14,,,,,131,0.45744203593660676,1.0,,False,False,,
2026,1003,08,04,01,05,01,1,マルカクラック　　　　　　　　　　　,△,8.6,0.08905208156802809,5.0,B,False,16,,,,,50,0.16097944073009393,1.0,,False,False,,
2026,1003,08,04,01,05,02,1,トロフィーズ　　　　　　　　　　　　,△,12.4,0.06687288447358436,5.0,B,False,16,,,,,70,0.23649810895699835,1.0,,False,False,,
2026,1003,08,04,01,05,03,2,ナリタトップライト　　　　　　　　　,,36.9,0.07407506909909635,5.0,B,False,16,,,,,37,0.12331829206461506,1.0,,False,False,,
2026,1003,08,04,01,05,04,2,パンプルネル　　　　　　　　　　　　,◎,10.8,0.06188405362398316,5.0,B,False,16,,,2.0,,113,0.37015346091747864,1.0,,False,False,,
2026,1003,08,04,01,05,05,3,ウィリーウィリー　　　　　　　　　　,,42.5,0.3115213545543919,5.0,B,False,16,,3.0,,,4,0.02051593534116176,1.0,,False,False,,
2026,1003,08,04,01,05,06,3,ガランテリア　　　　　　　　　　　　,,8.8,0.15249013923311283,5.0,B,False,16,,,,,27,0.09552850819990448,1.0,,False,False,,
2026,1003,08,04,01,05,07,4,メイショウソレイユ　　　　　　　　　,,39.5,0.23787278475462373,5.0,B,False,16,,1.0,,,10,0.0403260624461028,1.0,,False,False,,
2026,1003,08,04,01,05,08,4,コスモフィデリタス　　　　　　　　　,,82.9,0.3201439477943435,5.0,B,False,16,,,,,7,0.029350346654597643,1.0,,False,False,,
2026,1003,08,04,01,05,09,5,ディープリメンバー　　　　　　　　　,▲,4.5,0.04310211739718187,5.0,B,False,16,,,,,90,0.30144671592523337,1.0,,False,False,,
2026,1003,08,04,01,05,10,5,マジュリス　　　　　　　　　　　　　,,19.5,0.21781780492847652,5.0,B,False,16,,,,,12,0.0445743686542747,1.0,,False,False,,
2026,1003,08,04,01,05,11,6,レッドシーカー　　　　　　　　　　　,○,4.1,0.028664782004495567,5.0,B,False,16,,,1.0,,88,0.2946247845943514,1.0,,False,False,,
2026,1003,08,04,01,05,12,6,リバティユニバンス　　　　　　　　　,,16.8,0.1321137018680787,5.0,B,False,16,,,,,45,0.13911722673535576,1.0,,False,False,,
2026,1003,08,04,01,05,13,7,サンデーアダチ　　　　　　　　　　　,△,11.3,0.10550486240875132,5.0,B,False,16,,,,,63,0.20752198441191894,1.0,,False,False,,
2026,1003,08,04,01,05,14,7,コスモクレアシオン　　　　　　　　　,,38.8,0.2110955336740383,5.0,B,False,16,,,3.0,,27,0.08597486803100185,1.0,,False,False,,
2026,1003,08,04,01,05,15,8,ポネンテ　　　　　　　　　　　　　　,,26.0,0.1455821787729069,5.0,B,False,16,,,,,27,0.08594372576375445,1.0,,False,False,,
2026,1003,08,04,01,05,16,8,サンマルボニータ　　　　　　　　　　,,25.0,0.2493312541396276,5.0,B,False,16,,2.0,,,11,0.04079739819442022,1.0,,False,False,,
2026,1003,08,04,01,06,01,1,ノンブルドール　　　　　　　　　　　,○,8.0,0.07458745708961655,5.0,B,False,17,77.0,2.0,3.0,3.4,118,0.41133684134679316,1.0,2.2,False,False,,
2026,1003,08,04,01,06,02,1,メイショウショカツ　　　　　　　　　,△,3.7,0.09662427827531396,5.0,B,False,17,13.0,,1.0,3.4,72,0.24953069174854264,1.0,3.0,False,False,,
2026,1003,08,04,01,06,03,2,ゴーゴーリチャード　　　　　　　　　,,41.8,0.1426082623871131,5.0,B,False,17,27.0,,,9.4,18,0.060403003088017215,1.0,3.0,True,False,,
2026,1003,08,04,01,06,04,2,ガウディ　　　　　　　　　　　　　　,,12.6,0.06557141304294939,5.0,B,False,17,105.0,3.0,,3.6,65,0.21832474815843494,1.0,3.0,False,False,,
2026,1003,08,04,01,06,05,3,ロングトールサリー　　　　　　　　　,△,12.3,0.06361773693055804,5.0,B,False,17,27.0,,,6.6,93,0.31028434542088956,1.0,2.25,False,False,,
2026,1003,08,04,01,06,06,3,ページターナー　　　　　　　　　　　,,24.0,0.035235905472593435,5.0,B,False,17,112.0,,,4.7,63,0.19414734470017145,1.0,2.0,False,False,,
2026,1003,08,04,01,06,07,4,アスクメークシェア　　　　　　　　　,,123.1,0.3030767676699026,5.0,B,False,17,13.0,,,10.6,3,0.017054624185044574,1.0,3.4,False,False,,
2026,1003,08,04,01,06,08,4,ダンツウルス　　　　　　　　　　　　,◎,11.1,0.08547211889295259,5.0,B,False,17,28.0,,2.0,2.6,149,0.5068379620774618,1.0,2.6,False,False,,
2026,1003,08,04,01,06,09,5,クラウディアイ　　　　　　　　　　　,,44.0,0.09760841378615477,5.0,B,False,17,90.0,,,6.2,45,0.13866283308100757,1.0,3.0,False,False,,
2026,1003,08,04,01,06,10,5,キッコベッロ　　　　　　　　　　　　,△,9.9,0.10203683055585479,5.0,B,False,17,13.0,,,4.8,76,0.2520476274996661,1.0,2.8,False,False,,
2026,1003,08,04,01,06,11,6,ロットブラータ　　　　　　　　　　　,,42.2,0.10388304363765513,5.0,B,False,17,12.0,,,7.8,27,0.09098732001912238,1.0,1.8,False,False,,
2026,1003,08,04,01,06,12,6,ムスクレスト　　　　　　　　　　　　,,14.5,0.03347256128753702,5.0,B,False,17,90.0,,,3.8,72,0.24016098376247513,1.0,3.2,False,False,,
2026,1003,08,04,01,06,13,7,カットソロ　　　　　　　　　　　　　,▲,19.8,0.048581572931190434,5.0,B,False,17,161.0,1.0,,3.6,93,0.3080529331076167,1.0,2.8,False,False,,
2026,1003,08,04,01,06,14,7,サンダーバード　　　　　　　　　　　,,7.7,0.04737695163968937,5.0,B,False,17,28.0,,,4.6,46,0.14858989609983958,1.0,2.0,False,False,,
2026,1003,08,04,01,06,15,8,コレデヨカロウ　　　　　　　　　　　,,59.0,0.3238561757821764,5.0,B,False,17,7.0,,,9.4,3,0.01544627922650182,1.0,3.0,False,False,,
2026,1003,08,04,01,06,16,8,リガーレ　　　　　　　　　　　　　　,,14.2,0.07169963857348738,5.0,B,False,17,13.0,,,7.6,53,0.17113093385152559,1.0,2.2,False,False,,
2026,1003,08,04,01,06,17,8,パラディオン　　　　　　　　　　　　,,17.6,0.049733046088121624,5.0,B,False,17,42.0,,,7.6,46,0.1532987396702169,1.0,3.0,False,False,,
2026,1003,08,04,01,07,01,1,スズノソレイユ　　　　　　　　　　　,,64.2,0.1698738824382863,5.0,B,False,16,264.0,,,10.6,12,0.0430982198964864,1.0,2.0,True,False,,
2026,1003,08,04,01,07,02,1,テーオーノーベル　　　　　　　　　　,,41.3,0.07604245788714876,5.0,B,False,16,83.0,,,7.8,27,0.09582289658460919,1.0,2.6,False,False,,
2026,1003,08,04,01,07,03,2,ジーティーシップ　　　　　　　　　　,,102.7,0.18146403489834742,5.0,B,False,16,139.0,,,9.2,9,0.03417638683645049,1.0,2.8,False,False,,
2026,1003,08,04,01,07,04,2,ダノンクロム　　　　　　　　　　　　,,15.6,0.0649301030885211,5.0,B,False,16,140.0,,,8.0,32,0.10705296738023792,1.0,2.0,True,False,,
2026,1003,08,04,01,07,05,3,パンサーズ　　　　　　　　　　　　　,,5.8,0.05994488582800986,5.0,B,False,16,48.0,,,6.2,46,0.15262113522747184,1.0,2.25,False,False,,
2026,1003,08,04,01,07,06,3,メイショウハッブル　　　　　　　　　,,28.0,0.16950286540890522,5.0,B,False,16,34.0,,,7.0,18,0.059343825946942805,1.0,3.4,False,False,,
2026,1003,08,04,01,07,07,4,ブロンテス　　　　　　　　　　　　　,○,2.2,0.1325856425209034,5.0,B,False,16,133.0,2.0,2.0,5.0,118,0.4038107318703582,1.0,3.2,False,False,,
2026,1003,08,04,01,07,08,4,リーグナイト　　　　　　　　　　　　,△,20.4,0.04505877851760751,5.0,B,False,16,55.0,,,5.2,50,0.15883850862044463,1.0,2.4,False,False,,
2026,1003,08,04,01,07,09,5,マテンロウミラクル　　　　　　　　　,,21.1,0.08221263620112217,5.0,B,False,16,55.0,,,6.4,27,0.09438959838157694,1.0,3.2,False,False,,
2026,1003,08,04,01,07,10,5,サンライズタイソン　　　　　　　　　,,95.8,0.4254704946561739,5.0,B,False,16,195.0,,,10.8,2,0.013615009085179366,1.0,3.6,False,False,,
2026,1003,08,04,01,07,11,6,フレイムスター　　　　　　　　　　　,▲,22.0,0.053122315286596986,5.0,B,False,16,20.0,,3.0,5.6,113,0.3709184237638091,1.0,1.6,False,False,,
2026,1003,08,04,01,07,12,6,クリコファルコン　　　　　　　　　　,,110.6,0.1435700223884845,5.0,B,False,16,98.0,,,4.2,16,0.057516207258531335,1.0,2.6,False,False,,
2026,1003,08,04,01,07,13,7,セヴェンヌ　　　　　　　　　　　　　,△,33.9,0.09758397982626332,5.0,B,False,16,174.0,,,3.8,46,0.14932659251000527,1.0,2.4,False,False,,
2026,1003,08,04,01,07,14,7,ペプチドレオン　　　　　　　　　　　,◎,6.3,0.0915848971482545,5.0,B,False,16,55.0,1.0,1.0,2.6,149,0.513879355735437,1.0,2.6,False,False,,
2026,1003,08,04,01,07,15,8,ゴディアンフィンチ　　　　　　　　　,△,12.9,0.05723786612142169,5.0,B,False,16,125.0,3.0,,4.4,76,0.2533203203885834,1.0,2.6,False,False,,
2026,1003,08,04,01,07,16,8,オーライカモン　　　　　　　　　　　,,15.7,0.06130181844101629,5.0,B,False,16,56.0,,,7.8,33,0.1098932423206886,1.0,1.2,False,False,,
2026,1003,08,04,01,08,01,1,ロゼル　　　　　　　　　　　　　　　,,29.9,0.15562211946932863,5.0,B,False,11,11.0,,,8.0,19,0.06432047342758312,1.0,3.25,True,False,,
2026,1003,08,04,01,08,02,2,エコテーラー　　　　　　　　　　　　,,17.7,0.08055556561786294,5.0,B,False,11,13.0,,,6.0,51,0.16481255128142075,1.0,1.4,True,False,,
2026,1003,08,04,01,08,03,3,オモイヲノセテ　　　　　　　　　　　,,9.4,0.051617027163600206,5.0,B,False,11,28.0,,,4.4,84,0.27454291273220466,1.0,3.4,False,False,,
2026,1003,08,04,01,08,04,4,サトノアイボリー　　　　　　　　　　,▲,5.4,0.12080409201703675,5.0,B,False,11,55.0,2.0,1.0,4.4,178,0.6134583713204707,1.0,2.6,False,False,,
2026,1003,08,04,01,08,05,5,ブレットパス　　　　　　　　　　　　,○,5.7,0.14521483168364543,5.0,B,False,11,34.0,3.0,,2.8,189,0.6469626933241314,1.0,2.4,False,False,,
2026,1003,08,04,01,08,06,6,サミダレナイツ　　　　　　　　　　　,,19.0,0.05647501847969501,5.0,B,False,11,20.0,,,6.4,63,0.19597573768994542,1.0,2.0,False,False,,
2026,1003,08,04,01,08,07,6,イベントホライゾン　　　　　　　　　,△,4.1,0.06762300615667968,5.0,B,False,11,20.0,,2.0,2.4,182,0.6241944115944678,1.0,2.0,False,False,,
2026,1003,08,04,01,08,08,7,ヨシヒロ　　　　　　　　　　　　　　,,110.7,0.22304007620184826,5.0,B,False,11,20.0,,,9.8,7,0.03083082349050507,1.0,4.0,False,False,,
2026,1003,08,04,01,08,09,7,アクロフェイズ　　　　　　　　　　　,◎,2.8,0.1858776983834413,5.0,B,False,11,90.0,1.0,3.0,4.6,224,0.7400206642535622,1.0,2.4,False,False,,
2026,1003,08,04,01,08,10,8,キタノファーンヒル　　　　　　　　　,,106.4,0.2631408399914866,5.0,B,False,11,13.0,,,9.4,6,0.025683246664241526,1.0,3.0,False,False,,
2026,1003,08,04,01,08,11,8,ミカエルパシャ　　　　　　　　　　　,,29.1,0.08670928660654337,5.0,B,False,11,104.0,,,7.4,50,0.15550522457837118,1.0,2.4,True,False,,
2026,1003,08,04,01,09,01,1,ベニバナ　　　　　　　　　　　　　　,○,10.1,0.08857691170359516,5.0,B,False,8,41.0,1.0,,2.0,166,0.5761128401907117,1.0,2.5,False,False,りんどう賞,E
2026,1003,08,04,01,09,02,2,エストレアボニータ　　　　　　　　　,,7.1,0.11891474847673131,5.0,B,False,8,63.0,,,2.0,40,0.13099780683000442,1.0,2.0,False,False,りんどう賞,E
2026,1003,08,04,01,09,03,3,ギャルズマインド　　　　　　　　　　,▲,5.4,0.03813123656105991,5.0,B,False,8,34.0,,,2.0,138,0.4817384747840606,1.0,2.0,False,False,りんどう賞,E
2026,1003,08,04,01,09,04,4,セイウンリリーナ　　　　　　　　　　,,14.4,0.20734800091485905,5.0,B,False,8,27.0,,,4.0,32,0.10435609068680454,1.0,2.5,False,False,りんどう賞,E
2026,1003,08,04,01,09,05,5,ショウナンカノア　　　　　　　　　　,,10.2,0.04258992173461135,5.0,B,False,8,76.0,,3.0,4.3,78,0.2630881977028777,1.0,3.0,False,False,りんどう賞,E
2026,1003,08,04,01,09,06,6,ヴィヴェローネ　　　　　　　　　　　,△,3.4,0.039115446555821685,5.0,B,False,8,34.0,2.0,2.0,2.0,119,0.422732549802374,1.0,2.5,False,False,りんどう賞,E
2026,1003,08,04,01,09,07,7,ラムラベイ　　　　　　　　　　　　　,◎,3.0,0.12956382182913967,5.0,B,False,8,63.0,3.0,1.0,1.0,178,0.6193436124071369,1.0,2.0,False,False,りんどう賞,E
2026,1003,08,04,01,09,08,8,ルジュエ　　　　　　　　　　　　　　,,27.6,0.3292953938733295,5.0,B,False,8,,,,,5,0.023977245520162796,1.0,1.0,False,False,りんどう賞,E
2026,1003,08,04,01,10,01,1,ヤマニンシュラ　　　　　　　　　　　,,24.1,0.05934759938061568,4.0,S,False,16,210.0,,,5.4,45,0.13868444482382072,1.0,1.8,False,False,大山崎ステークス,E
2026,1003,08,04,01,10,02,1,スペシャルナンバー　　　　　　　　　,,51.9,0.09090934510647024,4.0,S,False,16,27.0,,,3.8,40,0.13105613563613225,1.0,3.4,True,False,大山崎ステークス,E
2026,1003,08,04,01,10,03,2,ハヤテノツバサ　　　　　　　　　　　,,5.0,0.05146537799785916,4.0,S,False,16,84.0,3.0,3.0,4.0,45,0.14157638181882845,1.0,1.6,False,False,大山崎ステークス,E
2026,1003,08,04,01,10,04,2,イマージョン　　　　　　　　　　　　,△,22.6,0.07502565090127118,4.0,S,False,16,84.0,,,6.2,46,0.1469734999790941,1.0,1.8,False,False,大山崎ステークス,E
2026,1003,08,04,01,10,05,3,ライジン　　　　　　　　　　　　　　,△,28.6,0.030637391223693987,4.0,S,False,16,27.0,,,5.0,60,0.18605155294973277,1.0,3.0,False,False,大山崎ステークス,E
2026,1003,08,04,01,10,06,3,ウルスクローム　　　　　　　　　　　,○,3.9,0.03730354497900024,4.0,S,False,16,27.0,1.0,1.0,2.8,118,0.398782562690176,1.0,3.4,False,False,大山崎ステークス,E
2026,1003,08,04,01,10,07,4,メイショウヤーキス　　　　　　　　　,△,10.7,0.03672809128447841,4.0,S,False,16,27.0,,,6.6,53,0.17555536811231198,1.0,2.4,False,False,大山崎ステークス,E
2026,1003,08,04,01,10,08,4,アメリカンチケット　　　　　　　　　,,13.4,0.05914675624228582,4.0,S,False,16,49.0,,,7.6,27,0.08723998277004633,1.0,2.25,False,False,大山崎ステークス,E
2026,1003,08,04,01,10,09,5,ビルカール　　　　　　　　　　　　　,,28.4,0.12434148649957147,4.0,S,False,16,161.0,,,7.2,27,0.08726209796371143,1.0,2.2,False,False,大山崎ステークス,E
2026,1003,08,04,01,10,10,5,カミーロ　　　　　　　　　　　　　　,,37.4,0.12965131238877978,4.0,S,False,16,475.0,,,6.4,18,0.06274934910778267,1.0,3.0,False,False,大山崎ステークス,E
2026,1003,08,04,01,10,11,6,テーオーグレーザー　　　　　　　　　,◎,8.6,0.11002169800644743,4.0,S,False,16,27.0,,2.0,3.4,118,0.4034811566465155,1.0,1.8,False,False,大山崎ステークス,E
2026,1003,08,04,01,10,12,6,トーアジョウトウ　　　　　　　　　　,,24.0,0.06220186527351459,4.0,S,False,16,132.0,,,6.6,45,0.1448272311160861,1.0,2.0,False,False,大山崎ステークス,E
2026,1003,08,04,01,10,13,7,ディニトーソ　　　　　　　　　　　　,,50.1,0.15051170902265318,4.0,S,False,16,111.0,,,6.6,20,0.06967442999673337,1.0,2.75,True,False,大山崎ステークス,E
2026,1003,08,04,01,10,14,7,ルクスデイジー　　　　　　　　　　　,▲,4.5,0.07971054838666815,4.0,S,False,16,111.0,2.0,,2.2,103,0.33914306138509887,1.0,2.0,False,False,大山崎ステークス,E
2026,1003,08,04,01,10,15,8,ジャーヴィス　　　　　　　　　　　　,,36.1,0.1752612490215968,4.0,S,False,16,42.0,,,8.8,12,0.04239024147472963,1.0,4.0,False,False,大山崎ステークス,E
2026,1003,08,04,01,10,16,8,ギーロカスタル　　　　　　　　　　　,,135.9,0.1497189384614756,4.0,S,False,16,42.0,,,9.4,14,0.04886008421595807,1.0,3.6,False,False,大山崎ステークス,E
2026,1003,08,04,01,11,01,1,カルチャーデイ　　　　　　　　　　　,,16.9,0.11682895923934032,5.0,B,False,18,42.0,,,11.4,24,0.08108305334956986,1.0,2.0,False,False,オパールステークス,L
2026,1003,08,04,01,11,02,1,ショウナンアビアス　　　　　　　　　,,66.3,0.08057847865081111,5.0,B,False,18,21.0,,,6.2,21,0.07660658709781085,1.0,3.2,False,False,オパールステークス,L
2026,1003,08,04,01,11,03,2,タマモイカロス　　　　　　　　　　　,△,8.2,0.1436642437953485,5.0,B,False,18,27.0,,,6.0,87,0.2812752516522373,1.0,3.6,False,False,オパールステークス,L
2026,1003,08,04,01,11,04,2,メイショウヨゾラ　　　　　　　　　　,,11.8,0.04191914090865008,5.0,B,False,18,27.0,3.0,,6.6,51,0.16468736862725245,1.0,1.8,False,False,オパールステークス,L
2026,1003,08,04,01,11,05,3,フィオライア　　　　　　　　　　　　,,19.2,0.0837792501324609,5.0,B,False,18,55.0,,,9.6,36,0.11758597759220639,1.0,2.4,True,False,オパールステークス,L
2026,1003,08,04,01,11,06,3,リリージョワ　　　　　　　　　　　　,,6.9,0.15839903119733348,5.0,B,False,18,48.0,,,5.6,76,0.2568458940833837,1.0,1.8,True,False,オパールステークス,L
2026,1003,08,04,01,11,07,4,テーオーダヴィンチ　　　　　　　　　,,97.7,0.1616620218747396,5.0,B,False,18,97.0,,,7.4,15,0.05490161392257822,1.0,3.0,False,False,オパールステークス,L
2026,1003,08,04,01,11,08,4,レッドエヴァンス　　　　　　　　　　,▲,9.8,0.12104675182150988,5.0,B,False,18,55.0,,,2.6,113,0.38241843728434777,1.0,3.0,False,False,オパールステークス,L
2026,1003,08,04,01,11,09,5,タマモブラックタイ　　　　　　　　　,,32.5,0.1222256792913069,5.0,B,False,18,27.0,,,8.6,29,0.09736748978336893,1.0,3.2,False,False,オパールステークス,L
2026,1003,08,04,01,11,10,5,ヒシアイラ　　　　　　　　　　　　　,○,6.2,0.10593715889868768,5.0,B,False,18,126.0,2.0,1.0,2.2,125,0.43510614023256255,1.0,1.6,False,False,オパールステークス,L
2026,1003,08,04,01,11,11,6,オタルエバー　　　　　　　　　　　　,,91.1,0.2134797463981138,5.0,B,False,18,90.0,,,12.2,6,0.02529657715262295,1.0,3.2,False,False,オパールステークス,L
2026,1003,08,04,01,11,12,6,デイトナモード　　　　　　　　　　　,,60.9,0.2402912823911344,5.0,B,False,18,42.0,,,12.4,10,0.03777366035939839,1.0,3.0,True,False,オパールステークス,L
2026,1003,08,04,01,11,13,7,クラスペディア　　　　　　　　　　　,△,18.6,0.164134635808761,5.0,B,False,18,27.0,,,6.0,93,0.3121157678493178,1.0,2.0,False,False,オパールステークス,L
2026,1003,08,04,01,11,14,7,ヤマニンアルリフラ　　　　　　　　　,,45.3,0.06429106436527524,5.0,B,False,18,48.0,,,8.4,46,0.15112605288066455,1.0,3.4,False,False,オパールステークス,L
2026,1003,08,04,01,11,15,7,タガノアラリア　　　　　　　　　　　,△,31.8,0.12317524916020327,5.0,B,False,18,42.0,,,5.0,87,0.29170296111546845,1.0,2.8,False,False,オパールステークス,L
2026,1003,08,04,01,11,16,8,フロムダスク　　　　　　　　　　　　,,10.8,0.09431057713748675,5.0,B,False,18,55.0,,,6.2,23,0.0786375012640175,1.0,2.4,False,False,オパールステークス,L
2026,1003,08,04,01,11,17,8,ヨシノイースター　　　　　　　　　　,,13.6,0.0393785187958324,5.0,B,False,18,27.0,,3.0,7.0,53,0.17318556433892712,1.0,2.6,True,False,オパールステークス,L
2026,1003,08,04,01,11,18,8,ディアナザール　　　　　　　　　　　,◎,5.7,0.13390482827443706,5.0,B,False,18,55.0,1.0,2.0,3.6,178,0.6049661238795068,1.0,1.8,False,False,オパールステークス,L
2026,1003,08,04,01,12,01,1,ヒデノレインボー　　　　　　　　　　,,35.2,0.22024497497665368,5.0,B,False,14,13.0,,,9.0,7,0.032201784199609104,1.0,3.2,False,False,,
2026,1003,08,04,01,12,02,2,フクキタテーラー　　　　　　　　　　,,47.2,0.1528027135148591,5.0,B,False,14,119.0,,,8.2,16,0.05555443864107394,1.0,3.8,False,False,,
2026,1003,08,04,01,12,03,3,レイザリオ　　　　　　　　　　　　　,,14.0,0.12251882403087029,5.0,B,False,14,76.0,,,8.4,21,0.07334703989002851,1.0,2.2,False,False,,
2026,1003,08,04,01,12,04,3,ジーニアスバローズ　　　　　　　　　,,17.1,0.11401661688383753,5.0,B,False,14,28.0,,,10.4,21,0.0727703727041312,1.0,2.6,False,False,,
2026,1003,08,04,01,12,05,4,ワンダーカモン　　　　　　　　　　　,,26.2,0.1087080017295708,5.0,B,False,14,48.0,,,8.8,33,0.11170074609592269,1.0,3.2,False,False,,
2026,1003,08,04,01,12,06,4,リヒトミューレ　　　　　　　　　　　,,10.3,0.05177005173895211,5.0,B,False,14,28.0,,,5.0,45,0.14323967929509815,1.0,2.2,False,False,,
2026,1003,08,04,01,12,07,5,タンテドヴィーヴル　　　　　　　　　,△,8.6,0.061897840981308475,5.0,B,False,14,20.0,,,2.2,119,0.4223999293755603,1.0,2.0,False,False,,
2026,1003,08,04,01,12,08,5,サルタール　　　　　　　　　　　　　,,78.8,0.16928384988881026,5.0,B,False,14,202.0,,,8.0,11,0.04085255956057538,1.0,1.8,False,False,,
2026,1003,08,04,01,12,09,6,オオツカ　　　　　　　　　　　　　　,▲,4.0,0.12125870490586754,5.0,B,False,14,55.0,2.0,3.0,3.2,138,0.4813036196130799,1.0,1.8,False,False,,
2026,1003,08,04,01,12,10,6,ショーダンサー　　　　　　　　　　　,△,11.0,0.022074641552759282,5.0,B,False,14,28.0,,2.0,4.6,149,0.5166902474459184,1.0,2.8,False,False,,
2026,1003,08,04,01,12,11,7,ジョータルマエ　　　　　　　　　　　,,12.6,0.06788781869915622,5.0,B,False,14,69.0,,,4.2,63,0.19929186590786202,1.0,1.0,False,False,,
2026,1003,08,04,01,12,12,7,キングオブフジ　　　　　　　　　　　,,41.0,0.1086056729146269,5.0,B,False,14,55.0,,,6.4,36,0.12174808008404174,1.0,3.4,False,False,,
2026,1003,08,04,01,12,13,8,メイショウコシュウ　　　　　　　　　,○,6.9,0.1535912588160975,5.0,B,False,14,28.0,3.0,,2.4,178,0.605344753192729,1.0,2.6,False,False,,
2026,1003,08,04,01,12,14,8,システマソラー　　　　　　　　　　　,◎,4.5,0.2550597079403073,5.0,B,False,14,28.0,1.0,1.0,2.0,224,0.7447954088566142,1.0,2.4,False,False,,
